{"accuracy": 0.9988904806044774, "precision": 0.9987636236756794, "recall": 0.9988904806044774, "f1-score": 0.998728542435397}