{"accuracy": 0.998876436055167, "precision": 0.9987454552832102, "recall": 0.998876436055167, "f1-score": 0.9987087097415155}