{
  "accuracy": 0.9578947368421052,
  "precision": 0.9586900584795321,
  "recall": 0.9578947368421052,
  "f1-score": 0.9578667164806425
}