{"accuracy": 0.005196483244852673, "precision": 0.998233529086063, "recall": 0.005196483244852673, "f1-score": 0.0068365655050186555}