{"accuracy": 0.9368421052631579, "precision": 0.9399114960926466, "recall": 0.9368421052631579, "f1-score": 0.9367017543859649}