{"accuracy": 0.9987219460127524, "precision": 0.9985417789069574, "recall": 0.9987219460127524, "f1-score": 0.998471596978042}